CREATE DATABASE fit_app;
USE fit_app;

INSERT INTO fit_app.activity (id, name) VALUES (1, 'Pilates');
INSERT INTO fit_app.activity (id, name) VALUES (2, 'Stretching & Mobility');
INSERT INTO fit_app.activity (id, name) VALUES (3, 'Tabata Super Fat Burning');
INSERT INTO fit_app.activity (id, name) VALUES (4, 'Pyramid All Body');
INSERT INTO fit_app.activity (id, name) VALUES (5, 'ABS Core');
INSERT INTO fit_app.activity (id, name) VALUES (6, 'Tabata ABS');
INSERT INTO fit_app.activity (id, name) VALUES (7, 'Tabata - Legs');

INSERT INTO fit_app.exercise (id, description, duration, name, type, formatted_duration, count_of_serie) VALUES (1, 'W stanie skłon rolując kręgosłup', 20, 'Roll Down', 'STRETCHING', 20, 1);
INSERT INTO fit_app.exercise (id, description, duration, name, type, formatted_duration, count_of_serie) VALUES (2, 'W stanie skłon rolując kręgosłup z ugięciem kolan w skłonie', 20, 'Roll Down – Bend-Straight Legs', 'STRETCHING', 20, 2);
INSERT INTO fit_app.exercise (id, description, duration, name, type, formatted_duration, count_of_serie) VALUES (3, 'W staniu okrągłe – wklęsłe plecy', 20, 'Flat do Round Back', 'STRETCHING', 20, 1);
INSERT INTO fit_app.exercise (id, description, duration, name, type, formatted_duration, count_of_serie) VALUES (4, 'W staniu skłony do boku przenosząc ramię nad głową', 20, 'Side Flexions', 'STRETCHING', 20, 1);
INSERT INTO fit_app.exercise (id, description, duration, name, type, formatted_duration, count_of_serie) VALUES (5, 'W staniu skręty tułowia', 20, 'Spine Torsions', 'STRETCHING', 20, 1);
INSERT INTO fit_app.exercise (id, description, duration, name, type, formatted_duration, count_of_serie) VALUES (6, 'Pozycja krzesełka w siadzie', 30, 'Chair Position', 'STRETCHING', 30, 1);
INSERT INTO fit_app.exercise (id, description, duration, name, type, formatted_duration, count_of_serie) VALUES (7, 'Skręty tułowia z pozycji krzesełka w siadzie', 30, 'Chair Position & Torsions', 'STRETCHING', 30, 1);
INSERT INTO fit_app.exercise (id, description, duration, name, type, formatted_duration, count_of_serie) VALUES (8, 'Z leżenia przejścia do skłonu', 30, 'Roll Up – Spine Straight', 'STRETCHING', 30, 1);
INSERT INTO fit_app.exercise (id, description, duration, name, type, formatted_duration, count_of_serie) VALUES (9, 'Kołyska – z siadu z nogami w górze', 30, 'Rolling Like a Ball', 'STRETCHING', 30, 1);
INSERT INTO fit_app.exercise (id, description, duration, name, type, formatted_duration, count_of_serie) VALUES (10, 'Rolowanie z przejściem do leżenia – powrót z przejściem do skłonu w przód', 30, 'Rolling Like a Ball – Spine Stretch', 'STRETCHING', 30, 1);
INSERT INTO fit_app.exercise (id, description, duration, name, type, formatted_duration, count_of_serie) VALUES (11, 'Przejście z pozycji krzesełka do podporu przodem', 30, 'Chair Position & Facing Plank', 'STRETCHING', 30, 1);
INSERT INTO fit_app.exercise (id, description, duration, name, type, formatted_duration, count_of_serie) VALUES (12, 'W podporze naprzemienne przyciąganie kolana do klatki zaokrąglając plecy', 30, 'Facing Plank – Knee do Chest', 'STRETCHING', 30, 1);
INSERT INTO fit_app.exercise (id, description, duration, name, type, formatted_duration, count_of_serie) VALUES (13, 'Unoszenie bioder z siadu podpartego z wyprostem nogi', 30, 'Facing Plank – 1 Leg Straight', 'STRETCHING', 30, 1);
INSERT INTO fit_app.exercise (id, description, duration, name, type, formatted_duration, count_of_serie) VALUES (14, 'Wklęsłe plecy – koci grzbiet', 30, 'Cat & Cow', 'STRETCHING', 30, 1);
INSERT INTO fit_app.exercise (id, description, duration, name, type, formatted_duration, count_of_serie) VALUES (15, 'Pozycja niedźwiadka', 30, 'Bear Position', 'STRETCHING', 30, 1);
INSERT INTO fit_app.exercise (id, description, duration, name, type, formatted_duration, count_of_serie) VALUES (16, 'Dotykanie barków w pozycji niedźwiadka', 30, 'Bear Position – 1 Hand Off', 'STRETCHING', 30, 1);
INSERT INTO fit_app.exercise (id, description, duration, name, type, formatted_duration, count_of_serie) VALUES (17, 'Z pozycji niedźwiadka przejścia do podporu przodem', 30, 'Bear to Plank Position', 'STRETCHING', 30, 1);
INSERT INTO fit_app.exercise (id, description, duration, name, type, formatted_duration, count_of_serie) VALUES (18, 'Marsz w pozycji psa z głową w dole', 30, 'Downward Dog - Running', 'STRETCHING', 30, 1);
INSERT INTO fit_app.exercise (id, description, duration, name, type, formatted_duration, count_of_serie) VALUES (19, 'Rozluźnienie kręgosłupa – przejścia ze skłonu do psa z głową w górze', 30, 'Rest Position – Wave - Swan', 'STRETCHING', 30, 1);
INSERT INTO fit_app.exercise (id, description, duration, name, type, formatted_duration, count_of_serie) VALUES (20, 'W leżeniu prostowanie kręgosłupa unosząc biodra', 30, 'Shoulder Bridge', 'STRETCHING', 30, 1);
INSERT INTO fit_app.exercise (id, description, duration, name, type, formatted_duration, count_of_serie) VALUES (21, 'Naprzemienne przyciąganie kolana do klatki piersiowej w leżeniu z biodrami w górze', 30, 'Shoulder Bridge – Knee to Chest', 'STRETCHING', 30, 1);
INSERT INTO fit_app.exercise (id, description, duration, name, type, formatted_duration, count_of_serie) VALUES (22, 'W siadzie prostym skręt tułowia z 2 pulsami', 20, 'Spine Twist', 'STRETCHING', 20, 1);
INSERT INTO fit_app.exercise (id, description, duration, name, type, formatted_duration, count_of_serie) VALUES (23, 'Naprzemienne unoszenie ramienia w klęku podpartym', 30, '4 Support Points - Torsions', 'STRETCHING', 30, 1);
INSERT INTO fit_app.exercise (id, description, duration, name, type, formatted_duration, count_of_serie) VALUES (24, 'W klęku podpartym unoszenie lewego ramienia i prawej nogi – przyciąganie kolana do dłoni', 20, '4 Support Points – Dynamic Superman', 'STRETCHING', 20, 2);
INSERT INTO fit_app.exercise (id, description, duration, name, type, formatted_duration, count_of_serie) VALUES (25, 'Ze stania rolując plecy przejście przez podpór do psa z głową w górze', 30, 'Roll Down – Plank - Swan', 'STRETCHING', 30, 1);
INSERT INTO fit_app.exercise (id, description, duration, name, type, formatted_duration, count_of_serie) VALUES (26, 'Unoszenie obręczy barkowej w leżeniu przodem', 20, 'Swan', 'STRETCHING', 20, 1);
INSERT INTO fit_app.exercise (id, description, duration, name, type, formatted_duration, count_of_serie) VALUES (27, 'Skłon w przód w siadzie prostym', 20, 'Rest Position', 'STRETCHING', 20, 1);
INSERT INTO fit_app.exercise (id, description, duration, name, type, formatted_duration, count_of_serie) VALUES (28, 'Rozciąganie nogi w siadzie', 20, 'Tree Front Series', 'STRETCHING', 20, 1);
INSERT INTO fit_app.exercise (id, description, duration, name, type, formatted_duration, count_of_serie) VALUES (29, 'Siad krzyżny', 20, 'Torsions', 'STRETCHING', 20, 1);
INSERT INTO fit_app.exercise (id, description, duration, name, type, formatted_duration, count_of_serie) VALUES (30, 'W klęku podpartym naprzemiennie unoszenie ręki i nogi', 20, 'Bird Dog', 'STRETCHING', 20, 1);
INSERT INTO fit_app.exercise (id, description, duration, name, type, formatted_duration, count_of_serie) VALUES (31, 'W klęku podpartym naprzemiennie trzymanie w górze prawej ręki i lewej nogi', 20, 'Bird Dog Keep', 'STRETCHING', 20, 2);
INSERT INTO fit_app.exercise (id, description, duration, name, type, formatted_duration, count_of_serie) VALUES (32, 'Koci grzbiet', 20, 'Cat Bridge', 'STRETCHING', 20, 1);
INSERT INTO fit_app.exercise (id, description, duration, name, type, formatted_duration, count_of_serie) VALUES (33, 'Podpór zawieszony przodem', 20, 'Small Cobra', 'STRETCHING', 20, 1);
INSERT INTO fit_app.exercise (id, description, duration, name, type, formatted_duration, count_of_serie) VALUES (34, 'Skłon i przejście do pozycji plank na kolanach', 20, 'Child Pose To Half Plank', 'STRETCHING', 20, 1);
INSERT INTO fit_app.exercise (id, description, duration, name, type, formatted_duration, count_of_serie) VALUES (35, 'Przenoszenie ciężaru ciała w przód i tył z pozycji podpór', 20, 'Belly Stretch', 'STRETCHING', 20, 1);
INSERT INTO fit_app.exercise (id, description, duration, name, type, formatted_duration, count_of_serie) VALUES (36, 'Przyciąganie stopy do pośladka w klęku jednonożnym', 20, 'Leg On Knee Stretch', 'STRETCHING', 20, 2);
INSERT INTO fit_app.exercise (id, description, duration, name, type, formatted_duration, count_of_serie) VALUES (37, 'Opuszczanie tułowia do wyprostowanej lewej nogi w siadzie płotkarskim', 20, 'Half L Sit Stretch', 'STRETCHING', 20, 2);
INSERT INTO fit_app.exercise (id, description, duration, name, type, formatted_duration, count_of_serie) VALUES (38, 'Opuszczanie tułowia do wyprostowanej lewej nogi z dotknięciem dłoni do kostki w siadzie płotkarskim', 20, 'Half L Sit Stretch to Feet', 'STRETCHING', 20, 2);
INSERT INTO fit_app.exercise (id, description, duration, name, type, formatted_duration, count_of_serie) VALUES (39, 'Siad klęczny z przyciągnieciem lewego ramienia do klatki piersiowej', 20, 'Japanese Sit Arms Stretch', 'STRETCHING', 20, 2);
INSERT INTO fit_app.exercise (id, description, duration, name, type, formatted_duration, count_of_serie) VALUES (40, 'Siad klęczny rozciągnięcie jednej ręki w tył', 20, 'Japanese Sit Triceps Stretch', 'STRETCHING', 20, 1);
INSERT INTO fit_app.exercise (id, description, duration, name, type, formatted_duration, count_of_serie) VALUES (41, 'Siad klęczny, jedna dłoń na ziemi, druga wysoko w górę', 20, 'Japanese Sit Back Stretch', 'STRETCHING', 20, 1);
INSERT INTO fit_app.exercise (id, description, duration, name, type, formatted_duration, count_of_serie) VALUES (42, 'Leżenie tyłem, nogi złączone, ręce na zewnątrz, kolano do przeciwstawnej ręki', 20, 'Hip Stretching', 'STRETCHING', 20, 1);
INSERT INTO fit_app.exercise (id, description, duration, name, type, formatted_duration, count_of_serie) VALUES (43, 'Unoszenie ręki w górę w rozkroku', 20, 'Side Split Chest Rotation', 'STRETCHING', 20, 1);
INSERT INTO fit_app.exercise (id, description, duration, name, type, formatted_duration, count_of_serie) VALUES (44, 'Skłon do nogi w rozkroku', 20, 'Side Split Hand To Leg', 'STRETCHING', 20, 1);
INSERT INTO fit_app.exercise (id, description, duration, name, type, formatted_duration, count_of_serie) VALUES (45, 'Marsz po kwadracie', 20, 'March Square', 'CARDIO', 20, 1);
INSERT INTO fit_app.exercise (id, description, duration, name, type, formatted_duration, count_of_serie) VALUES (46, 'Bieg w miejscu i uderzenie w przód', 20, 'Karate Boxing', 'CARDIO', 20, 1);
INSERT INTO fit_app.exercise (id, description, duration, name, type, formatted_duration, count_of_serie) VALUES (47, 'Bieg w miejscu z dotknięciem pięt do pośladków', 20, 'Skip C', 'CARDIO', 20, 1);
INSERT INTO fit_app.exercise (id, description, duration, name, type, formatted_duration, count_of_serie) VALUES (48, 'Skoki obunóż po kwadracie', 20, 'Jump Square', 'CARDIO', 20, 1);
INSERT INTO fit_app.exercise (id, description, duration, name, type, formatted_duration, count_of_serie) VALUES (49, 'Przysiad sumo, podniesienie się i wyjście w górę z jednoczesnym krążeniem nogi', 20, 'Sumo Squat Circle Leg', 'CARDIO', 20, 1);
INSERT INTO fit_app.exercise (id, description, duration, name, type, formatted_duration, count_of_serie) VALUES (50, 'Przysiad, wyjście w górę i uderzenie', 20, 'Squat Punch', 'CARDIO', 20, 1);
INSERT INTO fit_app.exercise (id, description, duration, name, type, formatted_duration, count_of_serie) VALUES (51, 'Bieg w miejscu z szeroko rozstawionymi nogami', 20, 'Speed Feet', 'CARDIO', 20, 1);
INSERT INTO fit_app.exercise (id, description, duration, name, type, formatted_duration, count_of_serie) VALUES (52, 'Marsz w przód i w tył w pozycji przysiadu', 20, 'Front-Back Squat March', 'CARDIO', 20, 5);
INSERT INTO fit_app.exercise (id, description, duration, name, type, formatted_duration, count_of_serie) VALUES (53, 'Kopnięcie w tył w pozycji leżenie bokiem', 20, 'Side –Lying Back-Kick', 'CARDIO', 20, 5);
INSERT INTO fit_app.exercise (id, description, duration, name, type, formatted_duration, count_of_serie) VALUES (54, 'Bieg w miejscu z szeroko rozstawionymi nogami', 20, 'Speed Feet', 'CARDIO', 20, 5);
INSERT INTO fit_app.exercise (id, description, duration, name, type, formatted_duration, count_of_serie) VALUES (55, 'Zejście do podporu przodem z pozycji wyprostowanej', 20, 'Layout Go Plank', 'CARDIO', 20, 5);
INSERT INTO fit_app.exercise (id, description, duration, name, type, formatted_duration, count_of_serie) VALUES (56, 'Koci grzbiet', 30, 'Cat Bridge', 'STRETCHING', 30, 1);
INSERT INTO fit_app.exercise (id, description, duration, name, type, formatted_duration, count_of_serie) VALUES (57, 'Podpór zawieszony przodem', 30, 'Small Cobra', 'STRETCHING', 30, 1);
INSERT INTO fit_app.exercise (id, description, duration, name, type, formatted_duration, count_of_serie) VALUES (58, 'Skłon w przód, pośladki dotykają pięt, ręce do przodu', 30, 'Child Pose', 'STRETCHING', 30, 1);
INSERT INTO fit_app.exercise (id, description, duration, name, type, formatted_duration, count_of_serie) VALUES (59, 'Opuszczanie tułowia do wyprostowanej lewej nogi w siadzie płotkarskim', 30, 'Half L Sit Stretch', 'STRETCHING', 30, 2);
INSERT INTO fit_app.exercise (id, description, duration, name, type, formatted_duration, count_of_serie) VALUES (60, 'Przyciąganie pięty do pośladka w pozycji na jednej nodze', 30, 'Standing Quads Stretch', 'STRETCHING', 30, 1);
INSERT INTO fit_app.exercise (id, description, duration, name, type, formatted_duration, count_of_serie) VALUES (61, 'Skłon ze skrzyżowanymi rękami w dół w rozkroku', 30, 'Side Split Bend Body', 'STRETCHING', 30, 1);
INSERT INTO fit_app.exercise (id, description, duration, name, type, formatted_duration, count_of_serie) VALUES (62, 'Skłon do nogi w rozkroku', 30, 'Side Split Hand To Leg', 'STRETCHING', 30, 2);
INSERT INTO fit_app.exercise (id, description, duration, name, type, formatted_duration, count_of_serie) VALUES (63, 'Marsz z uniesionymi kolanami i krążeniem ramion', 30, 'March Circling Arms', 'CARDIO', 30, 1);
INSERT INTO fit_app.exercise (id, description, duration, name, type, formatted_duration, count_of_serie) VALUES (64, 'Dotknięcie łokcia z kolanem w marszu', 30, 'Knee-Elbow Tap', 'CARDIO', 30, 1);
INSERT INTO fit_app.exercise (id, description, duration, name, type, formatted_duration, count_of_serie) VALUES (65, 'Bieg w miejscu i uderzenie w przód', 30, 'Karate Boxing', 'CARDIO', 30, 1);
INSERT INTO fit_app.exercise (id, description, duration, name, type, formatted_duration, count_of_serie) VALUES (66, 'Bieg w miejscu z dotknięciem pięt do pośladków', 30, 'Skip C', 'CARDIO', 30, 1);
INSERT INTO fit_app.exercise (id, description, duration, name, type, formatted_duration, count_of_serie) VALUES (67, 'Przysiad sumo, podniesienie się i wyjście w górę z jednoczesnym krążeniem nogi', 30, 'Sumo Squat Circle Leg', 'CARDIO', 30, 1);
INSERT INTO fit_app.exercise (id, description, duration, name, type, formatted_duration, count_of_serie) VALUES (68, 'Dotknięcie ręki do przeciwstawnej kostki w pozycji stojącej', 30, 'Cross Touch ', 'CARDIO', 30, 1);
INSERT INTO fit_app.exercise (id, description, duration, name, type, formatted_duration, count_of_serie) VALUES (69, 'Pajacyk', 30, 'Jumping Jack', 'CARDIO', 30, 1);
INSERT INTO fit_app.exercise (id, description, duration, name, type, formatted_duration, count_of_serie) VALUES (70, 'Dotknięcie dłoni ze stopą w lekkim rozkroku', 30, 'Hand-Feet Back Tap', 'CARDIO', 30, 1);
INSERT INTO fit_app.exercise (id, description, duration, name, type, formatted_duration, count_of_serie) VALUES (71, 'Skakanka', 30, 'Jump Rope', 'CARDIO', 30, 5);
INSERT INTO fit_app.exercise (id, description, duration, name, type, formatted_duration, count_of_serie) VALUES (72, 'Marsz ze wspinaczką górską', 30, 'March Mountain Climbers', 'CARDIO', 30, 5);
INSERT INTO fit_app.exercise (id, description, duration, name, type, formatted_duration, count_of_serie) VALUES (73, 'Unoszenie bioder w leżeniu na plecach', 30, 'Hig-up', 'STRENGTH', 30, 5);
INSERT INTO fit_app.exercise (id, description, duration, name, type, formatted_duration, count_of_serie) VALUES (74, 'Marsz na przedramionach', 30, 'Plank Walking Hand', 'STRENGTH', 30, 5);
INSERT INTO fit_app.exercise (id, description, duration, name, type, formatted_duration, count_of_serie) VALUES (75, 'W pozycji leżącej, przyciąganie kolan naprzemiennie do klatki piersiowej', 30, 'Cycling Crunches', 'STRENGTH', 30, 5);
INSERT INTO fit_app.exercise (id, description, duration, name, type, formatted_duration, count_of_serie) VALUES (76, 'W leżeniu na brzuchu odwodzenie ramienia w bok', 30, 'Lying Prone Arms Around Back', 'STRENGTH', 30, 5);
INSERT INTO fit_app.exercise (id, description, duration, name, type, formatted_duration, count_of_serie) VALUES (77, 'Koci grzbiet', 30, 'Cat Bridge', 'STRETCHING', 30, 1);
INSERT INTO fit_app.exercise (id, description, duration, name, type, formatted_duration, count_of_serie) VALUES (78, 'Skłon ze skrzyżowanymi rękami w dół w rozkroku', 30, 'Side Split Bend Body', 'STRETCHING', 30, 1);
INSERT INTO fit_app.exercise (id, description, duration, name, type, formatted_duration, count_of_serie) VALUES (79, 'Skłon do nogi w rozkroku', 30, 'Side Split Hand To Leg', 'STRETCHING', 30, 1);
INSERT INTO fit_app.exercise (id, description, duration, name, type, formatted_duration, count_of_serie) VALUES (80, 'Podpór zawieszony przodem', 30, 'Small Cobra', 'STRETCHING', 30, 1);
INSERT INTO fit_app.exercise (id, description, duration, name, type, formatted_duration, count_of_serie) VALUES (81, 'Skłon i przejście do pozycji plank na kolanach', 30, 'Child Pose To Half Plank', 'STRETCHING', 30, 1);
INSERT INTO fit_app.exercise (id, description, duration, name, type, formatted_duration, count_of_serie) VALUES (82, 'Siad klęczny z przyciągnieciem lewego ramienia do klatki piersiowej', 30, 'Japanese Sit Arms Stretch', 'STRETCHING', 30, 2);
INSERT INTO fit_app.exercise (id, description, duration, name, type, formatted_duration, count_of_serie) VALUES (83, 'Siad klęczny rozciągnięcie jednej ręki w tył', 30, 'Japanese Sit Triceps Stretch', 'STRETCHING', 30, 2);
INSERT INTO fit_app.exercise (id, description, duration, name, type, formatted_duration, count_of_serie) VALUES (84, 'Siad klęczny, jedna dłoń na ziemi, druga wysoko w górę', 30, 'Japanese Sit Back Stretch', 'STRETCHING', 30, 1);
INSERT INTO fit_app.exercise (id, description, duration, name, type, formatted_duration, count_of_serie) VALUES (85, 'Unoszenie ręki w górę w rozkroku', 30, 'Side Split Chest Rotation', 'STRETCHING', 30, 1);
INSERT INTO fit_app.exercise (id, description, duration, name, type, formatted_duration, count_of_serie) VALUES (86, 'Rolowanie pleców z przysiadu', 30, 'Spin Health', 'STRETCHING', 30, 1);
INSERT INTO fit_app.exercise (id, description, duration, name, type, formatted_duration, count_of_serie) VALUES (87, 'Marsz z uniesionymi kolanami i krążeniem ramion', 30, 'March Circling Arms', 'STRENGTH', 30, 1);
INSERT INTO fit_app.exercise (id, description, duration, name, type, formatted_duration, count_of_serie) VALUES (88, 'Dotknięcie łokcia z kolanem w marszu', 30, 'Knee-Elbow Tap', 'STRENGTH', 30, 1);
INSERT INTO fit_app.exercise (id, description, duration, name, type, formatted_duration, count_of_serie) VALUES (89, 'Przysiad sumo, podniesienie się i wyjście w górę z jednoczesnym krążeniem nogi', 30, 'Sumo Squat Circle Leg', 'CARDIO', 30, 1);
INSERT INTO fit_app.exercise (id, description, duration, name, type, formatted_duration, count_of_serie) VALUES (90, 'Dotknięcie dłoni ze stopą w lekkim rozkroku', 30, 'Hand-Feet Back Tap', 'CARDIO', 30, 1);
INSERT INTO fit_app.exercise (id, description, duration, name, type, formatted_duration, count_of_serie) VALUES (91, 'Bieg w miejscu ze wspinaczką górską', 30, 'Skip Mountain Climbers', 'CARDIO', 30, 1);
INSERT INTO fit_app.exercise (id, description, duration, name, type, formatted_duration, count_of_serie) VALUES (92, 'Krok w bok z jednoczesnym unikiem i wyskok', 30, 'Side Step Jump', 'CARDIO', 30, 1);
INSERT INTO fit_app.exercise (id, description, duration, name, type, formatted_duration, count_of_serie) VALUES (93, 'Pozycja na baczność, wyskok w górę, klaśnięcie ponad głową, uderzenie i opad', 30, 'Jumping Jack Punch', 'CARDIO', 30, 1);
INSERT INTO fit_app.exercise (id, description, duration, name, type, formatted_duration, count_of_serie) VALUES (94, 'Marsz ze wspinaczką górską', 30, 'March Mountain Climbers', 'CARDIO', 30, 1);
INSERT INTO fit_app.exercise (id, description, duration, name, type, formatted_duration, count_of_serie) VALUES (95, 'Spięcie brzucha z uniesionymi nogami (pod kątem 90 stopni)', 30, 'Crunch Angle', 'CARDIO', 30, 1);
INSERT INTO fit_app.exercise (id, description, duration, name, type, formatted_duration, count_of_serie) VALUES (96, 'Z leżenia na plecach przejście do podporu, naprzemienne dotykanie nóg', 30, 'Lie-Up Cross Touch', 'CARDIO', 30, 1);
INSERT INTO fit_app.exercise (id, description, duration, name, type, formatted_duration, count_of_serie) VALUES (97, 'Podpór przodem ', 30, 'Plank', 'STRENGTH', 30, 1);
INSERT INTO fit_app.exercise (id, description, duration, name, type, formatted_duration, count_of_serie) VALUES (98, 'Pozycja na baczność, wyskok w górę, klaśnięcie ponad głową, uderzenie i opad', 30, 'Jumping Jack Punch', 'CARDIO', 30, 1);
INSERT INTO fit_app.exercise (id, description, duration, name, type, formatted_duration, count_of_serie) VALUES (99, 'Podpór bokiem', 30, 'Side Plank Adv', 'STRENGTH', 30, 2);
INSERT INTO fit_app.exercise (id, description, duration, name, type, formatted_duration, count_of_serie) VALUES (100, 'W leżeniu bokiem przyciągnięcie łokcia do nóg', 30, 'Side V-Ups Left/Right Side', 'STRENGTH', 30, 2);
INSERT INTO fit_app.exercise (id, description, duration, name, type, formatted_duration, count_of_serie) VALUES (101, 'W leżeniu bokiem unoszenie lewej nogi', 30, 'Side V-Ups Open Leg', 'STRENGTH', 30, 2);
INSERT INTO fit_app.exercise (id, description, duration, name, type, formatted_duration, count_of_serie) VALUES (102, 'Podpór bokiem, odwodzenie ramiona w górę', 30, 'Side Plank Open Hand/Rotation', 'STRENGTH', 30, 2);
INSERT INTO fit_app.exercise (id, description, duration, name, type, formatted_duration, count_of_serie) VALUES (103, 'Pozycja na baczność, wyskok w górę, klaśnięcie ponad głową, uderzenie i opad', 30, 'Jumping Jack Punch', 'CARDIO', 30, 2);
INSERT INTO fit_app.exercise (id, description, duration, name, type, formatted_duration, count_of_serie) VALUES (104, 'W podporze przodem dotknięcia barka', 30, 'Plank Shoulder Tap', 'STRENGTH', 30, 1);
INSERT INTO fit_app.exercise (id, description, duration, name, type, formatted_duration, count_of_serie) VALUES (105, 'W podporze na przedramionach, skręty bioder', 30, 'Plank Twist', 'STRENGTH', 30, 1);
INSERT INTO fit_app.exercise (id, description, duration, name, type, formatted_duration, count_of_serie) VALUES (106, 'Podpór tyłem w oparciu na przedramionach', 30, 'Bridge Back Adv', 'STRENGTH', 30, 1);
INSERT INTO fit_app.exercise (id, description, duration, name, type, formatted_duration, count_of_serie) VALUES (107, 'Pozycja na baczność, wyskok w górę, klaśnięcie ponad głową, uderzenie i opad', 30, 'Jumping Jack Punch', 'CARDIO', 30, 1);
INSERT INTO fit_app.exercise (id, description, duration, name, type, formatted_duration, count_of_serie) VALUES (108, 'Marsz na przedramionach', 30, 'Plank Walking Hand', 'STRENGTH', 30, 1);
INSERT INTO fit_app.exercise (id, description, duration, name, type, formatted_duration, count_of_serie) VALUES (109, 'W podporze naprzemienne dotykanie kolanem o ziemię', 30, 'Plank Knee Touch', 'STRENGTH', 30, 1);
INSERT INTO fit_app.exercise (id, description, duration, name, type, formatted_duration, count_of_serie) VALUES (110, 'Odwodzenie i przywodzenie nóg w leżeniu na plecach z uniesionymi biodrami', 30, 'Hig-Up Work-Up', 'STRENGTH', 30, 1);
INSERT INTO fit_app.exercise (id, description, duration, name, type, formatted_duration, count_of_serie) VALUES (111, 'Pozycja na baczność, wyskok w górę, klaśnięcie ponad głową, uderzenie i opad', 60, 'Jumping Jack Punch', 'CARDIO', 60, 1);
INSERT INTO fit_app.exercise (id, description, duration, name, type, formatted_duration, count_of_serie) VALUES (112, 'W klęku podpartym naprzemiennie unoszenie ręki i nogi', 60, 'Bird Dog', 'STRETCHING', 60, 1);
INSERT INTO fit_app.exercise (id, description, duration, name, type, formatted_duration, count_of_serie) VALUES (113, 'W klęku podpartym naprzemiennie trzymanie w górze prawej ręki i lewej nogi', 60, 'Bird Dog Keep', 'STRETCHING', 60, 1);
INSERT INTO fit_app.exercise (id, description, duration, name, type, formatted_duration, count_of_serie) VALUES (114, 'W leżeniu na brzuchu, naprzemianstronne unoszenie przeciwstawnej ręki i nogi', 60, 'Superman', 'STRETCHING', 60, 1);
INSERT INTO fit_app.exercise (id, description, duration, name, type, formatted_duration, count_of_serie) VALUES (115, 'Zakrok naprzemiennie raz jedną, raz drugą nogą', 30, 'Lunge', 'STRETCHING', 30, 1);
INSERT INTO fit_app.exercise (id, description, duration, name, type, formatted_duration, count_of_serie) VALUES (116, 'Podpór, przejście w bok, wspinaczka górska, pompka', 30, 'Crab-Push Up-Mountain Climbers', 'STRETCHING', 30, 1);
INSERT INTO fit_app.exercise (id, description, duration, name, type, formatted_duration, count_of_serie) VALUES (117, 'Pozycja na baczność, wyskok w górę, klaśnięcie ponad głową, uderzenie i opad', 60, 'Jumping Jack Punch', 'CARDIO', 60, 1);
INSERT INTO fit_app.exercise (id, description, duration, name, type, formatted_duration, count_of_serie) VALUES (118, 'Uniesienie bioder i spięcie brzucha', 30, 'Hip To Crunches', 'STRETCHING', 30, 1);
INSERT INTO fit_app.exercise (id, description, duration, name, type, formatted_duration, count_of_serie) VALUES (119, 'Unoszenie klatki Piersiowe wraz z rękami w leżeniu na brzuchu', 30, 'Lying Prone W To Y ', 'STRETCHING', 30, 1);
INSERT INTO fit_app.exercise (id, description, duration, name, type, formatted_duration, count_of_serie) VALUES (120, 'W leżeniu na brzuchu odwodzenie ramienia w bok', 30, 'Lying Prone Arms Around Back', 'STRENGTH', 30, 1);
INSERT INTO fit_app.exercise (id, description, duration, name, type, formatted_duration, count_of_serie) VALUES (121, 'Koci grzbiet', 30, 'Cat Bridge', 'STRETCHING', 30, 1);
INSERT INTO fit_app.exercise (id, description, duration, name, type, formatted_duration, count_of_serie) VALUES (122, 'Rolowanie pleców z przysiadu', 30, 'Spine Health', 'STRETCHING', 30, 1);
INSERT INTO fit_app.exercise (id, description, duration, name, type, formatted_duration, count_of_serie) VALUES (123, 'Marsz po kwadracie', 20, 'March Square', 'CARDIO', 20, 1);
INSERT INTO fit_app.exercise (id, description, duration, name, type, formatted_duration, count_of_serie) VALUES (124, 'Bieg w miejscu i uderzenie w przód', 30, 'Karate Boxing', 'CARDIO', 30, 1);
INSERT INTO fit_app.exercise (id, description, duration, name, type, formatted_duration, count_of_serie) VALUES (125, 'Bieg w miejscu z dotknięciem pięt do pośladków', 30, 'Skip C', 'CARDIO', 30, 1);
INSERT INTO fit_app.exercise (id, description, duration, name, type, formatted_duration, count_of_serie) VALUES (126, 'Skoki obunóż po kwadracie', 20, 'Jump Square', 'CARDIO', 20, 1);
INSERT INTO fit_app.exercise (id, description, duration, name, type, formatted_duration, count_of_serie) VALUES (127, 'Przysiad sumo, podniesienie się i wyjście w górę z jednoczesnym krążeniem nogi', 30, 'Sumo Squat Circle Leg', 'CARDIO', 30, 1);
INSERT INTO fit_app.exercise (id, description, duration, name, type, formatted_duration, count_of_serie) VALUES (128, 'Przysiad, wyjście w górę i uderzenie', 30, 'Squat Punch', 'CARDIO', 30, 1);
INSERT INTO fit_app.exercise (id, description, duration, name, type, formatted_duration, count_of_serie) VALUES (129, 'Bieg w miejscu z szeroko rozstawionymi nogami', 30, 'Speed Feet', 'CARDIO', 30, 1);
INSERT INTO fit_app.exercise (id, description, duration, name, type, formatted_duration, count_of_serie) VALUES (130, 'Zejście do podporu przodem z pozycji wyprostowanej', 30, 'Layout Go Plank', 'STRETCHING', 30, 2);
INSERT INTO fit_app.exercise (id, description, duration, name, type, formatted_duration, count_of_serie) VALUES (131, 'Spięcie mięśni brzucha w leżeniu przodem, rece za głową', 30, 'Crunch', 'STRENGTH', 30, 2);
INSERT INTO fit_app.exercise (id, description, duration, name, type, formatted_duration, count_of_serie) VALUES (132, 'W podporze przodem przyciąganie naprzemienne kolan do klatki piersiowej', 30, 'Mountain Climbing', 'STRENGTH', 30, 2);
INSERT INTO fit_app.exercise (id, description, duration, name, type, formatted_duration, count_of_serie) VALUES (133, 'Przyciąganie kolana do przeciwległego łokcia w podporze przodem', 30, 'Mountain Climbers Rotation Slow', 'STRENGTH', 30, 2);
INSERT INTO fit_app.exercise (id, description, duration, name, type, formatted_duration, count_of_serie) VALUES (134, 'Marsz ze wspinaczką górską', 20, 'March Mountain Climbers', 'CARDIO', 20, 4);
INSERT INTO fit_app.exercise (id, description, duration, name, type, formatted_duration, count_of_serie) VALUES (135, 'Skręty tułowia w siadzie', 20, 'Swing Sit', 'CARDIO', 20, 4);
INSERT INTO fit_app.exercise (id, description, duration, name, type, formatted_duration, count_of_serie) VALUES (136, 'W podporze bokiem wykonaj odwodzenie ramienia', 30, 'Side Plank On Knee With Arm Reach', 'STRENGTH', 30, 2);
INSERT INTO fit_app.exercise (id, description, duration, name, type, formatted_duration, count_of_serie) VALUES (137, 'Przenoszenie ciężaru ciała w przód i tył z pozycji podpór', 30, 'Belly Stretch', 'STRETCHING', 30, 1);
INSERT INTO fit_app.exercise (id, description, duration, name, type, formatted_duration, count_of_serie) VALUES (138, 'Na kolanach odchylenie tułowia w tył z ramionami do boku', 30, 'Body Back On Knee', 'STRETCHING', 30, 1);
INSERT INTO fit_app.exercise (id, description, duration, name, type, formatted_duration, count_of_serie) VALUES (139, 'Skłon w przód, ręce w bok pod ramionami', 30, 'Child Pose Shoulder Stretch', 'STRETCHING', 30, 1);
INSERT INTO fit_app.exercise (id, description, duration, name, type, formatted_duration, count_of_serie) VALUES (140, 'Marsz po kwadracie', 20, 'March Square', 'CARDIO', 20, 1);
INSERT INTO fit_app.exercise (id, description, duration, name, type, formatted_duration, count_of_serie) VALUES (141, 'Bieg w miejscu i uderzenie w przód', 30, 'Karate Boxing', 'CARDIO', 30, 1);
INSERT INTO fit_app.exercise (id, description, duration, name, type, formatted_duration, count_of_serie) VALUES (142, 'Marsz z uniesionymi kolanami i krążeniem ramion', 30, 'March Circling Arms', 'STRENGTH', 30, 1);
INSERT INTO fit_app.exercise (id, description, duration, name, type, formatted_duration, count_of_serie) VALUES (143, 'Skoki obunóż po kwadracie', 20, 'Jump Square', 'CARDIO', 20, 1);
INSERT INTO fit_app.exercise (id, description, duration, name, type, formatted_duration, count_of_serie) VALUES (144, 'Przysiad sumo, podniesienie się i wyjście w górę z jednoczesnym krążeniem nogi', 20, 'Sumo Squat Circle Leg', 'CARDIO', 20, 1);
INSERT INTO fit_app.exercise (id, description, duration, name, type, formatted_duration, count_of_serie) VALUES (145, 'Przysiad, wyjście w górę i uderzenie', 20, 'Squat Punch', 'CARDIO', 20, 1);
INSERT INTO fit_app.exercise (id, description, duration, name, type, formatted_duration, count_of_serie) VALUES (146, 'Bieg w miejscu z szeroko rozstawionymi nogami', 30, 'Speed Feet', 'CARDIO', 30, 1);
INSERT INTO fit_app.exercise (id, description, duration, name, type, formatted_duration, count_of_serie) VALUES (147, 'Marsz po kwadracie', 20, 'March Square', 'CARDIO', 20, 2);
INSERT INTO fit_app.exercise (id, description, duration, name, type, formatted_duration, count_of_serie) VALUES (148, 'Bieg w miejscu z szeroko rozstawionymi nogami', 30, 'Speed Feet', 'CARDIO', 30, 2);
INSERT INTO fit_app.exercise (id, description, duration, name, type, formatted_duration, count_of_serie) VALUES (149, 'Marsz w przód i w tył w pozycji przysiadu', 20, 'Front-Back Squat March', 'CARDIO', 20, 2);
INSERT INTO fit_app.exercise (id, description, duration, name, type, formatted_duration, count_of_serie) VALUES (150, 'Przysiad', 20, 'Squat', 'CARDIO', 20, 2);
INSERT INTO fit_app.exercise (id, description, duration, name, type, formatted_duration, count_of_serie) VALUES (151, 'Koci grzbiet', 30, 'Cat Bridge', 'STRETCHING', 30, 1);
INSERT INTO fit_app.exercise (id, description, duration, name, type, formatted_duration, count_of_serie) VALUES (152, 'Podpór zawieszony przodem', 30, 'Small Cobra', 'STRETCHING', 30, 1);
INSERT INTO fit_app.exercise (id, description, duration, name, type, formatted_duration, count_of_serie) VALUES (153, 'Skłon w przód, pośladki dotykają pięt, ręce do przodu', 30, 'Child Pose', 'STRETCHING', 30, 1);
INSERT INTO fit_app.exercise (id, description, duration, name, type, formatted_duration, count_of_serie) VALUES (154, 'Opuszczanie tułowia do wyprostowanej lewej nogi w siadzie płotkarskim', 30, 'Half L Sit Stretch', 'STRETCHING', 30, 2);
INSERT INTO fit_app.exercise (id, description, duration, name, type, formatted_duration, count_of_serie) VALUES (155, 'Przyciąganie pięty do pośladka w pozycji na jednej nodze', 30, 'Standing Quads Stretch', 'STRETCHING', 30, 1);
INSERT INTO fit_app.exercise (id, description, duration, name, type, formatted_duration, count_of_serie) VALUES (156, 'Skłon ze skrzyżowanymi rękami w dół w rozkroku', 30, 'Side Split Bend Body', 'STRETCHING', 30, 1);
INSERT INTO fit_app.exercise (id, description, duration, name, type, formatted_duration, count_of_serie) VALUES (157, 'Skłon do nogi w rozkroku', 30, 'Side Split Hand To Leg', 'STRETCHING', 30, 1);

INSERT INTO fit_app.exercise_activities (exercise_id, activities_id) VALUES (1, 1);
INSERT INTO fit_app.exercise_activities (exercise_id, activities_id) VALUES (2, 1);
INSERT INTO fit_app.exercise_activities (exercise_id, activities_id) VALUES (3, 1);
INSERT INTO fit_app.exercise_activities (exercise_id, activities_id) VALUES (4, 1);
INSERT INTO fit_app.exercise_activities (exercise_id, activities_id) VALUES (5, 1);
INSERT INTO fit_app.exercise_activities (exercise_id, activities_id) VALUES (6, 1);
INSERT INTO fit_app.exercise_activities (exercise_id, activities_id) VALUES (7, 1);
INSERT INTO fit_app.exercise_activities (exercise_id, activities_id) VALUES (8, 1);
INSERT INTO fit_app.exercise_activities (exercise_id, activities_id) VALUES (9, 1);
INSERT INTO fit_app.exercise_activities (exercise_id, activities_id) VALUES (10, 1);
INSERT INTO fit_app.exercise_activities (exercise_id, activities_id) VALUES (11, 1);
INSERT INTO fit_app.exercise_activities (exercise_id, activities_id) VALUES (12, 1);
INSERT INTO fit_app.exercise_activities (exercise_id, activities_id) VALUES (13, 1);
INSERT INTO fit_app.exercise_activities (exercise_id, activities_id) VALUES (14, 1);
INSERT INTO fit_app.exercise_activities (exercise_id, activities_id) VALUES (15, 1);
INSERT INTO fit_app.exercise_activities (exercise_id, activities_id) VALUES (16, 1);
INSERT INTO fit_app.exercise_activities (exercise_id, activities_id) VALUES (17, 1);
INSERT INTO fit_app.exercise_activities (exercise_id, activities_id) VALUES (18, 1);
INSERT INTO fit_app.exercise_activities (exercise_id, activities_id) VALUES (19, 1);
INSERT INTO fit_app.exercise_activities (exercise_id, activities_id) VALUES (20, 1);
INSERT INTO fit_app.exercise_activities (exercise_id, activities_id) VALUES (21, 1);
INSERT INTO fit_app.exercise_activities (exercise_id, activities_id) VALUES (22, 1);
INSERT INTO fit_app.exercise_activities (exercise_id, activities_id) VALUES (23, 1);
INSERT INTO fit_app.exercise_activities (exercise_id, activities_id) VALUES (24, 1);
INSERT INTO fit_app.exercise_activities (exercise_id, activities_id) VALUES (25, 1);
INSERT INTO fit_app.exercise_activities (exercise_id, activities_id) VALUES (26, 1);
INSERT INTO fit_app.exercise_activities (exercise_id, activities_id) VALUES (27, 1);
INSERT INTO fit_app.exercise_activities (exercise_id, activities_id) VALUES (28, 1);
INSERT INTO fit_app.exercise_activities (exercise_id, activities_id) VALUES (29, 1);
INSERT INTO fit_app.exercise_activities (exercise_id, activities_id) VALUES (30, 2);
INSERT INTO fit_app.exercise_activities (exercise_id, activities_id) VALUES (31, 2);
INSERT INTO fit_app.exercise_activities (exercise_id, activities_id) VALUES (32, 2);
INSERT INTO fit_app.exercise_activities (exercise_id, activities_id) VALUES (33, 2);
INSERT INTO fit_app.exercise_activities (exercise_id, activities_id) VALUES (34, 2);
INSERT INTO fit_app.exercise_activities (exercise_id, activities_id) VALUES (35, 2);
INSERT INTO fit_app.exercise_activities (exercise_id, activities_id) VALUES (36, 2);
INSERT INTO fit_app.exercise_activities (exercise_id, activities_id) VALUES (37, 2);
INSERT INTO fit_app.exercise_activities (exercise_id, activities_id) VALUES (38, 2);
INSERT INTO fit_app.exercise_activities (exercise_id, activities_id) VALUES (39, 2);
INSERT INTO fit_app.exercise_activities (exercise_id, activities_id) VALUES (40, 2);
INSERT INTO fit_app.exercise_activities (exercise_id, activities_id) VALUES (41, 2);
INSERT INTO fit_app.exercise_activities (exercise_id, activities_id) VALUES (42, 2);
INSERT INTO fit_app.exercise_activities (exercise_id, activities_id) VALUES (43, 2);
INSERT INTO fit_app.exercise_activities (exercise_id, activities_id) VALUES (44, 2);
INSERT INTO fit_app.exercise_activities (exercise_id, activities_id) VALUES (45, 3);
INSERT INTO fit_app.exercise_activities (exercise_id, activities_id) VALUES (46, 3);
INSERT INTO fit_app.exercise_activities (exercise_id, activities_id) VALUES (47, 3);
INSERT INTO fit_app.exercise_activities (exercise_id, activities_id) VALUES (48, 3);
INSERT INTO fit_app.exercise_activities (exercise_id, activities_id) VALUES (49, 3);
INSERT INTO fit_app.exercise_activities (exercise_id, activities_id) VALUES (50, 3);
INSERT INTO fit_app.exercise_activities (exercise_id, activities_id) VALUES (51, 3);
INSERT INTO fit_app.exercise_activities (exercise_id, activities_id) VALUES (52, 3);
INSERT INTO fit_app.exercise_activities (exercise_id, activities_id) VALUES (53, 3);
INSERT INTO fit_app.exercise_activities (exercise_id, activities_id) VALUES (54, 3);
INSERT INTO fit_app.exercise_activities (exercise_id, activities_id) VALUES (55, 3);
INSERT INTO fit_app.exercise_activities (exercise_id, activities_id) VALUES (56, 3);
INSERT INTO fit_app.exercise_activities (exercise_id, activities_id) VALUES (57, 3);
INSERT INTO fit_app.exercise_activities (exercise_id, activities_id) VALUES (58, 3);
INSERT INTO fit_app.exercise_activities (exercise_id, activities_id) VALUES (59, 3);
INSERT INTO fit_app.exercise_activities (exercise_id, activities_id) VALUES (60, 3);
INSERT INTO fit_app.exercise_activities (exercise_id, activities_id) VALUES (61, 3);
INSERT INTO fit_app.exercise_activities (exercise_id, activities_id) VALUES (62, 3);
INSERT INTO fit_app.exercise_activities (exercise_id, activities_id) VALUES (63, 4);
INSERT INTO fit_app.exercise_activities (exercise_id, activities_id) VALUES (64, 4);
INSERT INTO fit_app.exercise_activities (exercise_id, activities_id) VALUES (65, 4);
INSERT INTO fit_app.exercise_activities (exercise_id, activities_id) VALUES (66, 4);
INSERT INTO fit_app.exercise_activities (exercise_id, activities_id) VALUES (67, 4);
INSERT INTO fit_app.exercise_activities (exercise_id, activities_id) VALUES (68, 4);
INSERT INTO fit_app.exercise_activities (exercise_id, activities_id) VALUES (69, 4);
INSERT INTO fit_app.exercise_activities (exercise_id, activities_id) VALUES (70, 4);
INSERT INTO fit_app.exercise_activities (exercise_id, activities_id) VALUES (71, 4);
INSERT INTO fit_app.exercise_activities (exercise_id, activities_id) VALUES (72, 4);
INSERT INTO fit_app.exercise_activities (exercise_id, activities_id) VALUES (73, 4);
INSERT INTO fit_app.exercise_activities (exercise_id, activities_id) VALUES (74, 4);
INSERT INTO fit_app.exercise_activities (exercise_id, activities_id) VALUES (75, 4);
INSERT INTO fit_app.exercise_activities (exercise_id, activities_id) VALUES (76, 4);
INSERT INTO fit_app.exercise_activities (exercise_id, activities_id) VALUES (77, 4);
INSERT INTO fit_app.exercise_activities (exercise_id, activities_id) VALUES (78, 4);
INSERT INTO fit_app.exercise_activities (exercise_id, activities_id) VALUES (79, 4);
INSERT INTO fit_app.exercise_activities (exercise_id, activities_id) VALUES (80, 4);
INSERT INTO fit_app.exercise_activities (exercise_id, activities_id) VALUES (81, 4);
INSERT INTO fit_app.exercise_activities (exercise_id, activities_id) VALUES (82, 4);
INSERT INTO fit_app.exercise_activities (exercise_id, activities_id) VALUES (83, 4);
INSERT INTO fit_app.exercise_activities (exercise_id, activities_id) VALUES (84, 4);
INSERT INTO fit_app.exercise_activities (exercise_id, activities_id) VALUES (85, 4);
INSERT INTO fit_app.exercise_activities (exercise_id, activities_id) VALUES (86, 4);
INSERT INTO fit_app.exercise_activities (exercise_id, activities_id) VALUES (87, 5);
INSERT INTO fit_app.exercise_activities (exercise_id, activities_id) VALUES (88, 5);
INSERT INTO fit_app.exercise_activities (exercise_id, activities_id) VALUES (89, 5);
INSERT INTO fit_app.exercise_activities (exercise_id, activities_id) VALUES (90, 5);
INSERT INTO fit_app.exercise_activities (exercise_id, activities_id) VALUES (91, 5);
INSERT INTO fit_app.exercise_activities (exercise_id, activities_id) VALUES (92, 5);
INSERT INTO fit_app.exercise_activities (exercise_id, activities_id) VALUES (93, 5);
INSERT INTO fit_app.exercise_activities (exercise_id, activities_id) VALUES (94, 5);
INSERT INTO fit_app.exercise_activities (exercise_id, activities_id) VALUES (95, 5);
INSERT INTO fit_app.exercise_activities (exercise_id, activities_id) VALUES (96, 5);
INSERT INTO fit_app.exercise_activities (exercise_id, activities_id) VALUES (97, 5);
INSERT INTO fit_app.exercise_activities (exercise_id, activities_id) VALUES (98, 5);
INSERT INTO fit_app.exercise_activities (exercise_id, activities_id) VALUES (99, 5);
INSERT INTO fit_app.exercise_activities (exercise_id, activities_id) VALUES (100, 5);
INSERT INTO fit_app.exercise_activities (exercise_id, activities_id) VALUES (101, 5);
INSERT INTO fit_app.exercise_activities (exercise_id, activities_id) VALUES (102, 5);
INSERT INTO fit_app.exercise_activities (exercise_id, activities_id) VALUES (103, 5);
INSERT INTO fit_app.exercise_activities (exercise_id, activities_id) VALUES (104, 5);
INSERT INTO fit_app.exercise_activities (exercise_id, activities_id) VALUES (105, 5);
INSERT INTO fit_app.exercise_activities (exercise_id, activities_id) VALUES (106, 5);
INSERT INTO fit_app.exercise_activities (exercise_id, activities_id) VALUES (107, 5);
INSERT INTO fit_app.exercise_activities (exercise_id, activities_id) VALUES (108, 5);
INSERT INTO fit_app.exercise_activities (exercise_id, activities_id) VALUES (109, 5);
INSERT INTO fit_app.exercise_activities (exercise_id, activities_id) VALUES (110, 5);
INSERT INTO fit_app.exercise_activities (exercise_id, activities_id) VALUES (111, 5);
INSERT INTO fit_app.exercise_activities (exercise_id, activities_id) VALUES (112, 5);
INSERT INTO fit_app.exercise_activities (exercise_id, activities_id) VALUES (113, 5);
INSERT INTO fit_app.exercise_activities (exercise_id, activities_id) VALUES (114, 5);
INSERT INTO fit_app.exercise_activities (exercise_id, activities_id) VALUES (115, 5);
INSERT INTO fit_app.exercise_activities (exercise_id, activities_id) VALUES (116, 5);
INSERT INTO fit_app.exercise_activities (exercise_id, activities_id) VALUES (117, 5);
INSERT INTO fit_app.exercise_activities (exercise_id, activities_id) VALUES (118, 5);
INSERT INTO fit_app.exercise_activities (exercise_id, activities_id) VALUES (119, 5);
INSERT INTO fit_app.exercise_activities (exercise_id, activities_id) VALUES (120, 5);
INSERT INTO fit_app.exercise_activities (exercise_id, activities_id) VALUES (121, 5);
INSERT INTO fit_app.exercise_activities (exercise_id, activities_id) VALUES (122, 5);
INSERT INTO fit_app.exercise_activities (exercise_id, activities_id) VALUES (123, 6);
INSERT INTO fit_app.exercise_activities (exercise_id, activities_id) VALUES (124, 6);
INSERT INTO fit_app.exercise_activities (exercise_id, activities_id) VALUES (125, 6);
INSERT INTO fit_app.exercise_activities (exercise_id, activities_id) VALUES (126, 6);
INSERT INTO fit_app.exercise_activities (exercise_id, activities_id) VALUES (127, 6);
INSERT INTO fit_app.exercise_activities (exercise_id, activities_id) VALUES (128, 6);
INSERT INTO fit_app.exercise_activities (exercise_id, activities_id) VALUES (129, 6);
INSERT INTO fit_app.exercise_activities (exercise_id, activities_id) VALUES (130, 6);
INSERT INTO fit_app.exercise_activities (exercise_id, activities_id) VALUES (131, 6);
INSERT INTO fit_app.exercise_activities (exercise_id, activities_id) VALUES (132, 6);
INSERT INTO fit_app.exercise_activities (exercise_id, activities_id) VALUES (133, 6);
INSERT INTO fit_app.exercise_activities (exercise_id, activities_id) VALUES (134, 6);
INSERT INTO fit_app.exercise_activities (exercise_id, activities_id) VALUES (135, 6);
INSERT INTO fit_app.exercise_activities (exercise_id, activities_id) VALUES (136, 6);
INSERT INTO fit_app.exercise_activities (exercise_id, activities_id) VALUES (137, 6);
INSERT INTO fit_app.exercise_activities (exercise_id, activities_id) VALUES (138, 6);
INSERT INTO fit_app.exercise_activities (exercise_id, activities_id) VALUES (139, 6);
INSERT INTO fit_app.exercise_activities (exercise_id, activities_id) VALUES (140, 7);
INSERT INTO fit_app.exercise_activities (exercise_id, activities_id) VALUES (141, 7);
INSERT INTO fit_app.exercise_activities (exercise_id, activities_id) VALUES (142, 7);
INSERT INTO fit_app.exercise_activities (exercise_id, activities_id) VALUES (143, 7);
INSERT INTO fit_app.exercise_activities (exercise_id, activities_id) VALUES (144, 7);
INSERT INTO fit_app.exercise_activities (exercise_id, activities_id) VALUES (145, 7);
INSERT INTO fit_app.exercise_activities (exercise_id, activities_id) VALUES (146, 7);
INSERT INTO fit_app.exercise_activities (exercise_id, activities_id) VALUES (147, 7);
INSERT INTO fit_app.exercise_activities (exercise_id, activities_id) VALUES (148, 7);
INSERT INTO fit_app.exercise_activities (exercise_id, activities_id) VALUES (149, 7);
INSERT INTO fit_app.exercise_activities (exercise_id, activities_id) VALUES (150, 7);
INSERT INTO fit_app.exercise_activities (exercise_id, activities_id) VALUES (151, 7);
INSERT INTO fit_app.exercise_activities (exercise_id, activities_id) VALUES (152, 7);
INSERT INTO fit_app.exercise_activities (exercise_id, activities_id) VALUES (153, 7);
INSERT INTO fit_app.exercise_activities (exercise_id, activities_id) VALUES (154, 7);
INSERT INTO fit_app.exercise_activities (exercise_id, activities_id) VALUES (155, 7);
INSERT INTO fit_app.exercise_activities (exercise_id, activities_id) VALUES (156, 7);
INSERT INTO fit_app.exercise_activities (exercise_id, activities_id) VALUES (157, 7);

INSERT INTO fit_app.plan (id, name) VALUES (1, 'Training Plan BASIC');
INSERT INTO fit_app.plan (id, name) VALUES (2, 'Training Plan MASTER');
INSERT INTO fit_app.plan (id, name) VALUES (3, 'Training Plan ADVANCED');

INSERT INTO fit_app.plan_activity (id, day_of_week, activity_id, training_plan_id, plan_id, day_of_week_activity_id) VALUES (1, 'MONDAY', 1, 1, 1, 1);
INSERT INTO fit_app.plan_activity (id, day_of_week, activity_id, training_plan_id, plan_id, day_of_week_activity_id) VALUES (2, 'TUESDAY', 4, 1, 1, 2);
INSERT INTO fit_app.plan_activity (id, day_of_week, activity_id, training_plan_id, plan_id, day_of_week_activity_id) VALUES (3, 'WEDNESDAY', 5, 1, 1, 3);
INSERT INTO fit_app.plan_activity (id, day_of_week, activity_id, training_plan_id, plan_id, day_of_week_activity_id) VALUES (4, 'THURSDAY', 3, 1, 1, 4);
INSERT INTO fit_app.plan_activity (id, day_of_week, activity_id, training_plan_id, plan_id, day_of_week_activity_id) VALUES (5, 'FRIDAY', 5, 1, 1, 5);
INSERT INTO fit_app.plan_activity (id, day_of_week, activity_id, training_plan_id, plan_id, day_of_week_activity_id) VALUES (6, 'SATURDAY', 4, 1, 1, 6);
INSERT INTO fit_app.plan_activity (id, day_of_week, activity_id, training_plan_id, plan_id, day_of_week_activity_id) VALUES (7, 'SUNDAY', 2, 1, 1, 7);
INSERT INTO fit_app.plan_activity (id, day_of_week, activity_id, training_plan_id, plan_id, day_of_week_activity_id) VALUES (8, 'MONDAY', 6, 2, 2, 1);
INSERT INTO fit_app.plan_activity (id, day_of_week, activity_id, training_plan_id, plan_id, day_of_week_activity_id) VALUES (9, 'TUESDAY', 3, 2, 2, 2);
INSERT INTO fit_app.plan_activity (id, day_of_week, activity_id, training_plan_id, plan_id, day_of_week_activity_id) VALUES (10, 'WEDNESDAY', 6, 2, 2, 3);
INSERT INTO fit_app.plan_activity (id, day_of_week, activity_id, training_plan_id, plan_id, day_of_week_activity_id) VALUES (11, 'THURSDAY', 7, 2, 2, 4);
INSERT INTO fit_app.plan_activity (id, day_of_week, activity_id, training_plan_id, plan_id, day_of_week_activity_id) VALUES (12, 'FRIDAY', 6, 2, 2, 5);
INSERT INTO fit_app.plan_activity (id, day_of_week, activity_id, training_plan_id, plan_id, day_of_week_activity_id) VALUES (13, 'SATURDAY', 3, 2, 2, 6);
INSERT INTO fit_app.plan_activity (id, day_of_week, activity_id, training_plan_id, plan_id, day_of_week_activity_id) VALUES (14, 'SUNDAY', 1, 2, 2, 7);
INSERT INTO fit_app.plan_activity (id, day_of_week, activity_id, training_plan_id, plan_id, day_of_week_activity_id) VALUES (15, 'MONDAY', 4, 3, 3, 1);
INSERT INTO fit_app.plan_activity (id, day_of_week, activity_id, training_plan_id, plan_id, day_of_week_activity_id) VALUES (16, 'TUESDAY', 7, 3, 3, 2);
INSERT INTO fit_app.plan_activity (id, day_of_week, activity_id, training_plan_id, plan_id, day_of_week_activity_id) VALUES (17, 'WEDNESDAY', 5, 3, 3, 3);
INSERT INTO fit_app.plan_activity (id, day_of_week, activity_id, training_plan_id, plan_id, day_of_week_activity_id) VALUES (18, 'THURSDAY', 3, 3, 3, 4);
INSERT INTO fit_app.plan_activity (id, day_of_week, activity_id, training_plan_id, plan_id, day_of_week_activity_id) VALUES (19, 'FRIDAY', 6, 3, 3, 5);
INSERT INTO fit_app.plan_activity (id, day_of_week, activity_id, training_plan_id, plan_id, day_of_week_activity_id) VALUES (20, 'SATURDAY', 4, 3, 3, 6);
INSERT INTO fit_app.plan_activity (id, day_of_week, activity_id, training_plan_id, plan_id, day_of_week_activity_id) VALUES (21, 'SUNDAY', 2, 3, 3, 7);

INSERT INTO fit_app.user (id, email, password) VALUES (1, 'kurtek.malgorzata@gmail.com', '$2a$10$Rs81GlCYRBjdlNOovU2aIuKpzgv6whFkccJnjbtAp7g0jvxQcoix6');

INSERT INTO fit_app.role (id, name) VALUES (1, 'ADMIN');

INSERT INTO fit_app.user_role (user_id, role_id) VALUES (1, 1);

INSERT INTO fit_app.plan_user (plan_id, user_id) VALUES (1, 1);
INSERT INTO fit_app.plan_user (plan_id, user_id) VALUES (2, 1);
INSERT INTO fit_app.plan_user (plan_id, user_id) VALUES (3, 1);

